{
  "Apple___Apple_scab": {
    "id": 0,
    "precautions": [
      "Use resistant apple varieties.",
      "Apply appropriate fungicides during early season.",
      "Prune trees to improve air circulation."
    ]
  },
  "Apple___Black_rot": {
    "id": 1,
    "precautions": [
      "Remove and destroy mummified fruits.",
      "Prune out dead or infected branches.",
      "Apply fungicide sprays early in the season."
    ]
  },
  "Apple___Cedar_apple_rust": {
    "id": 2,
    "precautions": [
      "Remove nearby cedar trees if possible.",
      "Use rust-resistant apple cultivars.",
      "Apply fungicides during early leaf development."
    ]
  },
  "Apple___healthy": {
    "id": 3,
    "precautions": [
      "No action needed. Your apple plant is healthy!"
    ]
  },
  "Blueberry___healthy": {
    "id": 4,
    "precautions": [
      "No action needed. Your blueberry plant is healthy!"
    ]
  },
  "Cherry_(including_sour)___Powdery_mildew": {
    "id": 5,
    "precautions": [
      "Prune affected leaves and branches.",
      "Apply sulfur-based fungicides.",
      "Avoid overhead watering to reduce humidity."
    ]
  },
  "Cherry_(including_sour)___healthy": {
    "id": 6,
    "precautions": [
      "No action needed. Your cherry plant is healthy!"
    ]
  },
  "Corn_(maize)___Cercospora_leaf_spot Gray_leaf_spot": {
    "id": 7,
    "precautions": [
      "Use resistant hybrids.",
      "Apply recommended fungicides.",
      "Practice crop rotation and residue management."
    ]
  },
  "Corn_(maize)___Common_rust_": {
    "id": 8,
    "precautions": [
      "Plant rust-resistant varieties.",
      "Monitor early symptoms and apply fungicides if needed.",
      "Remove infected plants to reduce spread."
    ]
  },
  "Corn_(maize)___Northern_Leaf_Blight": {
    "id": 9,
    "precautions": [
      "Use certified disease-free seeds.",
      "Apply fungicides at early stages.",
      "Practice no-till and residue management."
    ]
  },
  "Corn_(maize)___healthy": {
    "id": 10,
    "precautions": [
      "No action needed. Your corn plant is healthy!"
    ]
  },
  "Grape___Black_rot": {
    "id": 11,
    "precautions": [
      "Remove infected leaves and fruit.",
      "Apply fungicide early in the growing season.",
      "Ensure proper canopy ventilation."
    ]
  },
  "Grape___Esca_(Black_Measles)": {
    "id": 12,
    "precautions": [
      "Avoid pruning during wet conditions.",
      "Remove infected vines.",
      "Improve soil drainage and nutrition."
    ]
  },
  "Grape___Leaf_blight_(Isariopsis_Leaf_Spot)": {
    "id": 13,
    "precautions": [
      "Use preventive fungicide sprays.",
      "Remove infected leaves and debris.",
      "Maintain good air circulation."
    ]
  },
  "Grape___healthy": {
    "id": 14,
    "precautions": [
      "No action needed. Your grape plant is healthy!"
    ]
  },
  "Orange___Haunglongbing_(Citrus_greening)": {
    "id": 15,
    "precautions": [
      "Remove infected trees immediately.",
      "Control psyllid insects with insecticides.",
      "Use disease-free certified nursery stock."
    ]
  },
  "Peach___Bacterial_spot": {
    "id": 16,
    "precautions": [
      "Avoid overhead watering.",
      "Apply copper-based sprays during early season.",
      "Plant resistant peach varieties."
    ]
  },
  "Peach___healthy": {
    "id": 17,
    "precautions": [
      "No action needed. Your peach plant is healthy!"
    ]
  },
  "Pepper,_bell___Bacterial_spot": {
    "id": 18,
    "precautions": [
      "Avoid working in wet fields to prevent spread.",
      "Use disease-free transplants.",
      "Apply bactericides and rotate crops."
    ]
  },
  "Pepper,_bell___healthy": {
    "id": 19,
    "precautions": [
      "No action needed. Your bell pepper plant is healthy!"
    ]
  },
  "Potato___Early_blight": {
    "id": 20,
    "precautions": [
      "Use certified seed potatoes.",
      "Apply appropriate fungicides at regular intervals.",
      "Remove crop debris after harvest."
    ]
  },
  "Potato___Late_blight": {
    "id": 21,
    "precautions": [
      "Avoid excessive irrigation.",
      "Use blight-resistant potato varieties.",
      "Apply systemic fungicides."
    ]
  },
  "Potato___healthy": {
    "id": 22,
    "precautions": [
      "No action needed. Your potato plant is healthy!"
    ]
  },
  "Raspberry___healthy": {
    "id": 23,
    "precautions": [
      "No action needed. Your raspberry plant is healthy!"
    ]
  },
  "Soybean___healthy": {
    "id": 24,
    "precautions": [
      "No action needed. Your soybean plant is healthy!"
    ]
  },
  "Squash___Powdery_mildew": {
    "id": 25,
    "precautions": [
      "Ensure good air flow around plants.",
      "Apply potassium bicarbonate or neem oil.",
      "Remove heavily infected leaves."
    ]
  },
  "Strawberry___Leaf_scorch": {
    "id": 26,
    "precautions": [
      "Avoid overhead irrigation.",
      "Use certified disease-free plants.",
      "Apply fungicides before flowering."
    ]
  },
  "Strawberry___healthy": {
    "id": 27,
    "precautions": [
      "No action needed. Your strawberry plant is healthy!"
    ]
  },
  "Tomato___Bacterial_spot": {
    "id": 28,
    "precautions": [
      "Avoid handling plants when wet.",
      "Use disease-free seeds and transplants.",
      "Apply copper-based bactericides."
    ]
  },
  "Tomato___Early_blight": {
    "id": 29,
    "precautions": [
      "Use crop rotation and disease-resistant varieties.",
      "Apply chlorothalonil or mancozeb fungicides.",
      "Remove infected leaves."
    ]
  },
  "Tomato___Late_blight": {
    "id": 30,
    "precautions": [
      "Avoid overhead watering.",
      "Use fungicides containing chlorothalonil or copper.",
      "Destroy infected plants immediately."
    ]
  },
  "Tomato___Leaf_Mold": {
    "id": 31,
    "precautions": [
      "Keep humidity low in greenhouses.",
      "Apply sulfur sprays or fungicides.",
      "Improve air circulation around plants."
    ]
  },
  "Tomato___Septoria_leaf_spot": {
    "id": 32,
    "precautions": [
      "Remove infected leaves.",
      "Use drip irrigation instead of overhead.",
      "Apply protective fungicides early."
    ]
  },
  "Tomato___Spider_mites Two-spotted_spider_mite": {
    "id": 33,
    "precautions": [
      "Spray neem oil or insecticidal soap.",
      "Encourage natural predators like ladybugs.",
      "Avoid dry, dusty conditions."
    ]
  },
  "Tomato___Target_Spot": {
    "id": 34,
    "precautions": [
      "Remove affected plant parts.",
      "Apply protective fungicides.",
      "Avoid overhead watering."
    ]
  },
  "Tomato___Tomato_Yellow_Leaf_Curl_Virus": {
    "id": 35,
    "precautions": [
      "Control whiteflies using sticky traps.",
      "Use virus-resistant cultivars.",
      "Remove infected plants immediately."
    ]
  },
  "Tomato___Tomato_mosaic_virus": {
    "id": 36,
    "precautions": [
      "Disinfect tools and hands regularly.",
      "Remove infected plants.",
      "Avoid smoking near tomato plants (tobacco is a carrier)."
    ]
  },
  "Tomato___healthy": {
    "id": 37,
    "precautions": [
      "No action needed. Your tomato plant is healthy!"
    ]
  }
}